week_start,calls,cases_bau,cases_change,cases_outsourced,fte_available
2023-10-09,4379,2669,0,699,58.6
2023-10-16,4152,2787,0,689,57.3
2023-10-23,4731,2745,0,735,58.0
2023-10-30,4544,2528,0,661,59.6
2023-11-06,4050,2558,0,709,58.1
2023-11-13,4159,2590,0,676,58.9
2023-11-20,4406,2989,0,677,58.1
2023-11-27,4591,2736,0,681,58.3
2023-12-04,4133,2643,0,614,58.0
2023-12-11,3999,2424,0,587,57.9
2023-12-18,4289,2658,0,725,57.5
2023-12-25,3171,1920,0,498,58.3
2024-01-01,4496,2728,0,653,57.5
2024-01-08,4694,2746,0,645,58.4
2024-01-15,4574,2664,0,667,58.7
2024-01-22,4601,2986,0,692,58.2
2024-01-29,4303,2515,0,603,57.8
2024-02-05,4083,2421,0,617,58.3
2024-02-12,4397,2416,0,646,57.8
2024-02-19,4239,2599,0,674,58.6
2024-02-26,4472,2958,0,638,56.9
2024-03-04,4553,3238,0,824,57.8
2024-03-11,4916,3195,0,802,56.8
2024-03-18,4655,3262,0,836,57.1
2024-03-25,4883,3641,0,998,58.8
2024-04-01,4708,3415,0,748,58.5
2024-04-08,4880,3311,0,798,57.6
2024-04-15,4851,3574,0,925,57.1
2024-04-22,5154,3665,0,829,56.2
2024-04-29,4434,2856,0,777,57.7
2024-05-06,4751,2671,0,683,59.5
2024-05-13,4293,2491,0,654,58.3
2024-05-20,4278,2475,0,597,57.7
2024-05-27,4483,3052,0,800,58.3
2024-06-03,4261,2747,0,731,57.1
2024-06-10,4352,2499,0,634,57.8
2024-06-17,4143,2475,0,628,58.1
2024-06-24,4268,2879,0,731,57.9
2024-07-01,3824,2264,0,537,58.5
2024-07-08,4059,2290,0,567,58.2
2024-07-15,4076,2474,0,613,58.4
2024-07-22,4289,2492,0,637,57.6
2024-07-29,3773,2345,0,621,58.5
2024-08-05,3914,2328,0,545,59.0
2024-08-12,3898,2388,0,593,57.4
2024-08-19,3916,2521,0,686,57.5
2024-08-26,4263,2504,0,598,58.8
2024-09-02,4357,2761,0,656,57.9
2024-09-09,4440,2414,0,611,58.8
2024-09-16,4335,2670,0,701,57.7
2024-09-23,4639,2721,0,681,58.9
2024-09-30,4572,2572,0,694,58.1
2024-10-07,4208,2617,0,688,61.2
2024-10-14,4407,2691,0,707,61.9
2024-10-21,4383,2866,0,740,60.8
2024-10-28,4617,2718,0,774,60.4
2024-11-04,4465,2772,0,685,60.7
2024-11-11,4796,2703,0,595,61.3
2024-11-18,4366,2726,0,747,60.1
2024-11-25,4983,3090,0,751,61.4
2024-12-02,3987,2684,0,675,60.7
2024-12-09,4210,2795,0,754,61.7
2024-12-16,4297,2596,0,587,59.6
2024-12-23,4635,2679,0,620,60.5
2024-12-30,3329,1962,0,443,60.0
2025-01-06,4775,2871,0,684,60.5
2025-01-13,4564,2863,0,735,61.1
2025-01-20,4546,2690,0,694,60.9
2025-01-27,5083,3026,0,769,60.8
2025-02-03,4341,2684,0,614,60.9
2025-02-10,4159,3011,0,648,61.1
2025-02-17,4185,2918,0,732,60.4
2025-02-24,4477,2700,0,656,61.4
2025-03-03,4919,3264,0,838,61.4
2025-03-10,4853,3079,0,802,61.2
2025-03-17,4963,3218,0,811,61.3
2025-03-24,5034,3572,0,934,61.2
2025-03-31,4953,3698,0,937,62.2
2025-04-07,5049,3359,0,866,60.9
2025-04-14,4866,3374,0,808,60.8
2025-04-21,5322,3321,0,821,60.5
2025-04-28,4375,2704,0,684,60.4
2025-05-05,4430,2587,0,679,60.3
2025-05-12,4429,2658,0,649,60.5
2025-05-19,4290,2614,0,674,61.0
2025-05-26,4867,2883,0,709,61.2
2025-06-02,4205,2379,0,591,61.0
2025-06-09,4289,2415,0,634,60.5
2025-06-16,4372,2893,0,637,61.5
2025-06-23,4631,2586,0,596,61.4
2025-06-30,4183,2335,0,532,60.9
2025-07-07,4059,2705,0,582,60.6
2025-07-14,4009,2855,0,685,61.3
2025-07-21,4067,2330,0,609,61.1
2025-07-28,4044,2572,0,632,60.1
2025-08-04,3771,2460,0,622,61.0
2025-08-11,3792,2638,0,703,61.2
2025-08-18,3844,2305,0,622,60.5
2025-08-25,4311,2537,0,632,61.1
2025-09-01,4291,2864,0,774,60.1
2025-09-08,4385,2817,0,708,61.8
2025-09-15,4692,2706,0,643,61.7
2025-09-22,4658,2905,0,700,60.8
2025-09-29,4731,2629,0,599,61.2
2025-10-06,4427,2784,0,659,62.6
2025-10-13,4561,2782,0,681,63.3
2025-10-20,4430,2854,0,748,63.8
2025-10-27,4814,2910,0,803,63.4
2025-11-03,4810,2920,0,669,64.4
2025-11-10,4343,3001,0,768,65.2
2025-11-17,4738,2877,0,674,63.3
2025-11-24,4986,3081,0,792,63.5
2025-12-01,4289,2699,0,669,64.1
2025-12-08,4148,2693,0,599,65.0
2025-12-15,4410,2599,0,686,63.3
2025-12-22,4566,2903,0,699,64.1
2025-12-29,3364,2034,153,529,65.1
2026-01-05,4769,3244,286,826,63.0
2026-01-12,5083,3163,365,847,63.2
2026-01-19,4724,2982,345,853,63.7
2026-01-26,4856,2986,351,825,63.7
2026-02-02,4537,2585,338,745,64.5
2026-02-09,4547,2902,257,807,64.1
2026-02-16,4762,2772,99,775,62.9
2026-02-23,4946,2972,0,728,64.3
2026-03-02,5038,3125,0,712,63.7
2026-03-09,5269,3574,0,951,64.8
2026-03-16,4741,3492,0,856,63.6
2026-03-23,5140,3425,0,914,63.6
2026-03-30,4884,3502,0,896,64.3
2026-04-06,4992,3635,0,902,64.5
2026-04-13,4802,3599,0,919,64.3
2026-04-20,5207,3539,0,988,63.0
2026-04-27,5336,3790,0,1065,64.3
2026-05-04,4364,2774,0,696,63.4
2026-05-11,4447,2832,0,715,64.1
2026-05-18,4692,3027,0,806,63.1
2026-05-25,5082,2623,0,623,64.3
2026-06-01,4778,2643,0,674,63.5
2026-06-08,4959,2700,0,674,63.2
2026-06-15,4490,2717,0,692,64.4
2026-06-22,4502,2787,0,662,64.1
2026-06-29,3850,2326,0,526,63.6
2026-07-06,4241,2583,0,565,64.9
2026-07-13,4064,2771,0,646,63.7
2026-07-20,4131,2356,0,573,64.0
2026-07-27,4347,2817,0,692,64.2
2026-08-03,4090,2449,0,683,63.6
2026-08-10,4295,2484,0,662,64.3
2026-08-17,4144,2365,0,557,63.7
2026-08-24,4340,2600,0,663,63.8
2026-08-31,4395,3026,0,738,64.8
2026-09-07,4286,2921,0,718,63.4
2026-09-14,4497,3096,0,782,62.6
2026-09-21,4853,3193,0,828,65.0
2026-09-28,5075,2963,0,726,65.5
