week_start,series,model,actual,forecast,variance_pct,flag
2026-07-06,calls,Holt-Winters,4241,4205,0.8,False
2026-07-13,calls,Holt-Winters,4064,4187,-3.0,False
2026-07-20,calls,Holt-Winters,4131,4325,-4.7,False
2026-07-27,calls,Holt-Winters,4347,4049,6.9,False
2026-08-03,calls,Holt-Winters,4090,3977,2.8,False
2026-08-10,calls,Holt-Winters,4295,3979,7.4,False
2026-08-17,calls,Holt-Winters,4144,4015,3.1,False
2026-08-24,calls,Holt-Winters,4340,4436,-2.2,False
2026-08-31,calls,Holt-Winters,4395,4473,-1.8,False
2026-09-07,calls,Holt-Winters,4286,4564,-6.5,False
2026-09-14,calls,Holt-Winters,4497,4670,-3.8,False
2026-09-21,calls,Holt-Winters,4853,4806,1.0,False
2026-09-28,calls,Holt-Winters,5075,4810,5.2,False
2026-07-06,cases_bau,Holt-Winters,2583,2603,-0.8,False
2026-07-13,cases_bau,Holt-Winters,2771,2776,-0.2,False
2026-07-20,cases_bau,Holt-Winters,2356,2507,-6.4,False
2026-07-27,cases_bau,Holt-Winters,2817,2559,9.2,False
2026-08-03,cases_bau,Holt-Winters,2449,2491,-1.7,False
2026-08-10,cases_bau,Holt-Winters,2484,2615,-5.3,False
2026-08-17,cases_bau,Holt-Winters,2365,2506,-6.0,False
2026-08-24,cases_bau,Holt-Winters,2600,2620,-0.8,False
2026-08-31,cases_bau,Holt-Winters,3026,2923,3.4,False
2026-09-07,cases_bau,Holt-Winters,2921,2720,6.9,False
2026-09-14,cases_bau,Holt-Winters,3096,2792,9.8,False
2026-09-21,cases_bau,Holt-Winters,3193,2922,8.5,False
2026-09-28,cases_bau,Holt-Winters,2963,2700,8.9,False
