scenario,week_no,week_start,calls,total_cases,workload_hours,productive_hours_per_fte,required_fte,available_fte,gap_fte,overtime_hours_available,temp_or_recruit_fte_needed,provider_cases_forecast,provider_cap,provider_over_cap
1 Base (BAU only),1,2026-10-05,4558,2855,1316.9,22.31,59.0,64.1,0.0,256.5,0,714,800,False
1 Base (BAU only),2,2026-10-12,4598,2920,1339.4,22.31,60.0,64.1,0.0,256.5,0,730,800,False
1 Base (BAU only),3,2026-10-19,4737,2993,1375.7,22.31,61.7,64.1,0.0,256.5,0,748,800,False
1 Base (BAU only),4,2026-10-26,4893,2887,1364.8,22.31,61.2,64.1,0.0,256.5,0,722,800,False
1 Base (BAU only),5,2026-11-02,4669,2919,1347.4,22.31,60.4,62.1,0.0,248.5,0,730,800,False
1 Base (BAU only),6,2026-11-09,4653,2934,1349.7,22.31,60.5,62.1,0.0,248.5,0,734,800,False
1 Base (BAU only),7,2026-11-16,4727,3031,1385.0,22.31,62.1,62.1,0.0,248.5,0,758,800,False
1 Base (BAU only),8,2026-11-23,5094,3148,1460.0,22.31,65.4,62.1,3.3,248.5,0,787,800,False
1 Base (BAU only),9,2026-11-30,4338,2832,1284.9,22.31,57.6,65.1,0.0,260.5,0,708,800,False
1 Base (BAU only),10,2026-12-07,4319,2794,1272.2,22.31,57.0,65.1,0.0,260.5,0,698,800,False
1 Base (BAU only),11,2026-12-14,4540,2768,1290.9,22.31,57.9,65.1,0.0,260.5,0,692,800,False
1 Base (BAU only),12,2026-12-21,4335,2657,1236.4,22.31,55.4,65.1,0.0,260.5,0,664,800,False
1 Base (BAU only),13,2026-12-28,3894,2360,1103.3,22.31,49.4,65.1,0.0,260.5,0,590,800,False
2 Base + change project,1,2026-10-05,4558,2855,1316.9,22.31,59.0,64.1,0.0,256.5,0,714,800,False
2 Base + change project,2,2026-10-12,4598,2920,1339.4,22.31,60.0,64.1,0.0,256.5,0,730,800,False
2 Base + change project,3,2026-10-19,4737,2993,1375.7,22.31,61.7,64.1,0.0,256.5,0,748,800,False
2 Base + change project,4,2026-10-26,4893,3027,1403.3,22.31,62.9,64.1,0.0,256.5,0,757,800,False
2 Base + change project,5,2026-11-02,4669,3199,1424.4,22.31,63.8,62.1,1.7,248.5,0,800,800,False
2 Base + change project,6,2026-11-09,4653,3284,1446.0,22.31,64.8,62.1,2.7,248.5,0,821,800,True
2 Base + change project,7,2026-11-16,4727,3381,1481.3,22.31,66.4,62.1,4.3,248.5,0,845,800,True
2 Base + change project,8,2026-11-23,5094,3393,1527.4,22.31,68.5,62.1,6.3,248.5,0,848,800,True
2 Base + change project,9,2026-11-30,4338,2937,1313.8,22.31,58.9,65.1,0.0,260.5,0,734,800,False
2 Base + change project,10,2026-12-07,4319,2794,1272.2,22.31,57.0,65.1,0.0,260.5,0,698,800,False
2 Base + change project,11,2026-12-14,4540,2768,1290.9,22.31,57.9,65.1,0.0,260.5,0,692,800,False
2 Base + change project,12,2026-12-21,4335,2657,1236.4,22.31,55.4,65.1,0.0,260.5,0,664,800,False
2 Base + change project,13,2026-12-28,3894,2360,1103.3,22.31,49.4,65.1,0.0,260.5,0,590,800,False
3 Change + peak + absence,1,2026-10-05,4558,2855,1316.9,22.31,59.0,64.1,0.0,256.5,0,714,800,False
3 Change + peak + absence,2,2026-10-12,4598,2920,1339.4,22.31,60.0,64.1,0.0,256.5,0,730,800,False
3 Change + peak + absence,3,2026-10-19,4737,2993,1375.7,22.31,61.7,64.1,0.0,256.5,0,748,800,False
3 Change + peak + absence,4,2026-10-26,4893,3027,1403.3,22.31,62.9,64.1,0.0,256.5,0,757,800,False
3 Change + peak + absence,5,2026-11-02,4669,3199,1424.4,22.31,63.8,62.1,1.7,248.5,0,800,800,False
3 Change + peak + absence,6,2026-11-09,5118,3612,1590.5,20.72,76.8,62.1,14.6,248.5,3,903,800,True
3 Change + peak + absence,7,2026-11-16,5200,3719,1629.4,20.72,78.6,62.1,16.5,248.5,5,930,800,True
3 Change + peak + absence,8,2026-11-23,5603,3732,1680.1,20.72,81.1,62.1,19.0,248.5,7,933,800,True
3 Change + peak + absence,9,2026-11-30,4772,3231,1445.2,20.72,69.8,65.1,4.6,260.5,0,808,800,True
3 Change + peak + absence,10,2026-12-07,4751,3073,1399.5,20.72,67.5,65.1,2.4,260.5,0,768,800,False
3 Change + peak + absence,11,2026-12-14,4540,2768,1290.9,22.31,57.9,65.1,0.0,260.5,0,692,800,False
3 Change + peak + absence,12,2026-12-21,4335,2657,1236.4,22.31,55.4,65.1,0.0,260.5,0,664,800,False
3 Change + peak + absence,13,2026-12-28,3894,2360,1103.3,22.31,49.4,65.1,0.0,260.5,0,590,800,False
