week_no,week_start,calls_forecast,calls_low,calls_high,cases_bau_forecast,cases_bau_low,cases_bau_high
1,2026-10-05,4558,4315,4800,2855,2627,3084
2,2026-10-12,4598,4355,4840,2920,2691,3149
3,2026-10-19,4737,4494,4979,2993,2765,3222
4,2026-10-26,4893,4650,5135,2887,2658,3115
5,2026-11-02,4669,4427,4912,2919,2690,3147
6,2026-11-09,4653,4410,4896,2934,2705,3162
7,2026-11-16,4727,4484,4969,3031,2802,3260
8,2026-11-23,5094,4851,5336,3148,2919,3376
9,2026-11-30,4338,4095,4580,2832,2603,3060
10,2026-12-07,4319,4076,4561,2794,2565,3022
11,2026-12-14,4540,4298,4783,2768,2539,2996
12,2026-12-21,4335,4093,4578,2657,2428,2885
13,2026-12-28,3894,3651,4136,2360,2131,2588
